ID,keyid,dtype,vars,block,decl,varscop,constr,opaspr,arith,assgn,constl,logrel,exprn,ampas,sequen,itcpt,selcpt,fncs,pasaddr,fncpar,fncpro,nestit,multi,init,incdcr,countit,eventit,switch,fncdef,exitlp,return,break,conti,ifelse,callfnc,stdio,lrvalue,scanf,printf,ifseri,elseif,beflp,endlp,default,prepost
P1,Known,Known,Known,NotKnown,Known,NotKnown,Known,Known,Known,Known,Known,Known,Known,NotKnown,Known,Known,NotKnown,Known,Known,Known,Known,Known,Known,Known,Known,Known,Known,NotKnown,NotKnown,Known,NotKnown,NotKnown,Known,Known,Known,Known,NotKnown,Known,Known,Known,Known,NotKnown,NotKnown,NotKnown,Known
P2,Known,Known,Known,NotKnown,NotKnown,Known,Known,Known,Known,Known,Known,NotKnown,NotKnown,Known,Known,NotKnown,NotKnown,NotKnown,Known,Known,NotKnown,NotKnown,Known,NotKnown,Known,NotKnown,NotKnown,NotKnown,NotKnown,Known,NotKnown,Known,Known,Known,Known,NotKnown,Known,Known,Known,Known,NotKnown,NotKnown,Known,NotKnown,NotKnown
P3,Known,Known,Known,NotKnown,NotKnown,Known,NotKnown,NotKnown,NotKnown,Known,Known,Known,NotKnown,NotKnown,Known,NotKnown,NotKnown,NotKnown,Known,NotKnown,NotKnown,Known,Known,Known,Known,Known,NotKnown,Known,Known,NotKnown,Known,Known,Known,Known,NotKnown,Known,NotKnown,Known,Known,Known,NotKnown,NotKnown,Known,Known,Known
P4,Known,Known,NotKnown,NotKnown,NotKnown,Known,Known,Known,NotKnown,NotKnown,Known,NotKnown,NotKnown,NotKnown,Known,Known,Known,Known,Known,NotKnown,Known,Known,Known,Known,NotKnown,NotKnown,NotKnown,NotKnown,NotKnown,NotKnown,Known,NotKnown,NotKnown,Known,NotKnown,NotKnown,Known,Known,Known,NotKnown,NotKnown,Known,NotKnown,Known,NotKnown
P5,Known,Known,Known,Known,NotKnown,Known,NotKnown,Known,Known,NotKnown,Known,NotKnown,Known,NotKnown,Known,NotKnown,NotKnown,NotKnown,Known,Known,Known,NotKnown,Known,Known,NotKnown,NotKnown,Known,NotKnown,NotKnown,Known,NotKnown,NotKnown,NotKnown,Known,Known,NotKnown,Known,Known,Known,Known,Known,Known,NotKnown,NotKnown,NotKnown
P6,Known,Known,Known,NotKnown,NotKnown,Known,NotKnown,NotKnown,NotKnown,NotKnown,Known,NotKnown,NotKnown,Known,NotKnown,Known,NotKnown,NotKnown,Known,Known,NotKnown,NotKnown,NotKnown,NotKnown,Known,Known,Known,NotKnown,Known,NotKnown,Known,NotKnown,Known,Known,Known,NotKnown,NotKnown,Known,NotKnown,NotKnown,NotKnown,NotKnown,NotKnown,Known,NotKnown
P7,Known,Known,Known,NotKnown,Known,Known,Known,NotKnown,Known,Known,Known,Known,Known,Known,Known,Known,NotKnown,Known,Known,Known,Known,Known,Known,Known,Known,NotKnown,NotKnown,NotKnown,NotKnown,NotKnown,NotKnown,NotKnown,Known,Known,Known,Known,NotKnown,Known,Known,Known,Known,NotKnown,NotKnown,NotKnown,NotKnown
P8,Known,Known,Known,NotKnown,Known,Known,NotKnown,Known,Known,NotKnown,Known,NotKnown,Known,Known,Known,Known,NotKnown,Known,NotKnown,Known,NotKnown,Known,Known,Known,Known,NotKnown,NotKnown,NotKnown,Known,NotKnown,Known,Known,NotKnown,NotKnown,Known,Known,NotKnown,Known,Known,Known,Known,NotKnown,Known,NotKnown,NotKnown
P9,Known,Known,Known,Known,NotKnown,Known,Known,NotKnown,Known,Known,Known,Known,Known,Known,Known,NotKnown,Known,NotKnown,NotKnown,NotKnown,Known,Known,Known,Known,Known,Known,NotKnown,NotKnown,Known,Known,NotKnown,Known,NotKnown,Known,Known,NotKnown,NotKnown,Known,Known,Known,Known,Known,Known,NotKnown,Known
P10,Known,Known,Known,Known,Known,NotKnown,Known,Known,Known,Known,Known,Known,NotKnown,Known,Known,NotKnown,Known,NotKnown,NotKnown,Known,Known,Known,Known,Known,Known,Known,NotKnown,NotKnown,NotKnown,Known,Known,NotKnown,NotKnown,NotKnown,NotKnown,Known,NotKnown,Known,Known,Known,Known,Known,NotKnown,Known,Known
P11,Known,NotKnown,NotKnown,NotKnown,NotKnown,Known,Known,Known,NotKnown,NotKnown,Known,NotKnown,NotKnown,NotKnown,Known,Known,NotKnown,NotKnown,Known,Known,Known,Known,Known,NotKnown,NotKnown,Known,NotKnown,NotKnown,Known,NotKnown,Known,Known,Known,NotKnown,Known,Known,NotKnown,NotKnown,NotKnown,Known,NotKnown,NotKnown,Known,Known,NotKnown
P12,Known,Known,Known,NotKnown,Known,Known,NotKnown,Known,NotKnown,Known,Known,Known,Known,Known,Known,NotKnown,NotKnown,Known,NotKnown,NotKnown,NotKnown,NotKnown,Known,NotKnown,NotKnown,Known,NotKnown,NotKnown,Known,NotKnown,Known,Known,NotKnown,Known,NotKnown,NotKnown,NotKnown,Known,Known,NotKnown,Known,Known,Known,NotKnown,NotKnown
P13,Known,Known,Known,Known,Known,Known,NotKnown,Known,Known,Known,Known,Known,Known,NotKnown,Known,NotKnown,NotKnown,NotKnown,NotKnown,NotKnown,NotKnown,NotKnown,Known,NotKnown,Known,Known,Known,NotKnown,Known,Known,NotKnown,NotKnown,NotKnown,NotKnown,Known,Known,NotKnown,Known,Known,Known,Known,NotKnown,NotKnown,Known,Known
P14,Known,Known,Known,NotKnown,Known,Known,NotKnown,Known,Known,NotKnown,Known,Known,Known,Known,Known,Known,Known,Known,Known,NotKnown,Known,NotKnown,Known,NotKnown,NotKnown,NotKnown,Known,NotKnown,Known,Known,NotKnown,Known,Known,Known,Known,Known,NotKnown,Known,Known,Known,Known,NotKnown,Known,NotKnown,Known
P15,Known,Known,Known,NotKnown,Known,NotKnown,Known,Known,NotKnown,NotKnown,Known,Known,NotKnown,Known,Known,NotKnown,NotKnown,NotKnown,NotKnown,Known,Known,Known,Known,Known,NotKnown,NotKnown,Known,NotKnown,Known,NotKnown,NotKnown,Known,Known,Known,NotKnown,NotKnown,NotKnown,Known,Known,NotKnown,NotKnown,Known,NotKnown,NotKnown,NotKnown
P16,Known,Known,Known,NotKnown,NotKnown,NotKnown,Known,NotKnown,Known,Known,Known,Known,Known,NotKnown,Known,Known,NotKnown,NotKnown,Known,Known,NotKnown,Known,Known,NotKnown,Known,NotKnown,Known,NotKnown,NotKnown,NotKnown,NotKnown,Known,NotKnown,Known,NotKnown,Known,Known,Known,Known,Known,Known,Known,Known,NotKnown,Known
P17,Known,Known,Known,Known,NotKnown,NotKnown,NotKnown,NotKnown,Known,Known,Known,Known,Known,Known,Known,Known,Known,NotKnown,Known,NotKnown,Known,NotKnown,Known,Known,Known,NotKnown,NotKnown,Known,Known,Known,Known,Known,Known,Known,Known,NotKnown,Known,Known,Known,Known,Known,NotKnown,Known,Known,Known
P18,Known,Known,Known,NotKnown,Known,Known,NotKnown,Known,Known,Known,Known,NotKnown,Known,NotKnown,Known,Known,NotKnown,NotKnown,Known,NotKnown,NotKnown,NotKnown,Known,Known,Known,Known,NotKnown,NotKnown,Known,NotKnown,Known,NotKnown,Known,Known,NotKnown,Known,NotKnown,Known,Known,NotKnown,Known,Known,NotKnown,NotKnown,Known
P19,Known,Known,Known,Known,Known,Known,NotKnown,Known,Known,NotKnown,Known,NotKnown,Known,NotKnown,Known,Known,NotKnown,Known,Known,Known,Known,NotKnown,Known,NotKnown,NotKnown,Known,NotKnown,NotKnown,Known,Known,Known,Known,Known,Known,NotKnown,Known,Known,Known,Known,NotKnown,NotKnown,NotKnown,NotKnown,Known,NotKnown
P20,Known,Known,Known,NotKnown,Known,Known,Known,NotKnown,NotKnown,Known,NotKnown,NotKnown,NotKnown,NotKnown,Known,NotKnown,NotKnown,Known,NotKnown,NotKnown,Known,Known,Known,Known,NotKnown,NotKnown,NotKnown,NotKnown,NotKnown,NotKnown,Known,Known,NotKnown,Known,NotKnown,NotKnown,Known,Known,Known,Known,Known,NotKnown,NotKnown,Known,NotKnown
P21,Known,Known,Known,NotKnown,NotKnown,Known,Known,Known,Known,NotKnown,Known,NotKnown,Known,NotKnown,Known,NotKnown,NotKnown,Known,NotKnown,NotKnown,NotKnown,NotKnown,Known,NotKnown,Known,NotKnown,Known,NotKnown,Known,NotKnown,Known,Known,NotKnown,Known,Known,Known,NotKnown,Known,Known,Known,Known,NotKnown,NotKnown,Known,NotKnown
P22,Known,Known,Known,Known,Known,NotKnown,NotKnown,NotKnown,Known,NotKnown,Known,Known,Known,Known,Known,NotKnown,NotKnown,Known,Known,Known,NotKnown,NotKnown,Known,NotKnown,NotKnown,Known,NotKnown,NotKnown,Known,Known,NotKnown,NotKnown,NotKnown,Known,NotKnown,NotKnown,NotKnown,Known,Known,NotKnown,NotKnown,Known,NotKnown,NotKnown,Known
P23,Known,Known,NotKnown,Known,NotKnown,NotKnown,NotKnown,NotKnown,NotKnown,NotKnown,NotKnown,Known,NotKnown,NotKnown,Known,NotKnown,NotKnown,Known,Known,NotKnown,Known,Known,Known,NotKnown,NotKnown,Known,NotKnown,NotKnown,Known,NotKnown,NotKnown,Known,NotKnown,Known,Known,Known,NotKnown,NotKnown,NotKnown,Known,Known,NotKnown,NotKnown,NotKnown,NotKnown
P24,Known,Known,Known,NotKnown,Known,NotKnown,Known,Known,Known,NotKnown,Known,NotKnown,Known,NotKnown,Known,NotKnown,NotKnown,Known,NotKnown,NotKnown,Known,NotKnown,Known,NotKnown,NotKnown,Known,Known,NotKnown,NotKnown,Known,Known,NotKnown,NotKnown,Known,NotKnown,Known,Known,Known,Known,NotKnown,NotKnown,NotKnown,NotKnown,NotKnown,NotKnown
P25,Known,Known,Known,NotKnown,Known,NotKnown,Known,Known,Known,NotKnown,Known,NotKnown,Known,NotKnown,Known,Known,Known,NotKnown,Known,NotKnown,Known,NotKnown,Known,NotKnown,NotKnown,NotKnown,Known,NotKnown,Known,Known,Known,NotKnown,Known,Known,Known,NotKnown,NotKnown,Known,Known,Known,Known,NotKnown,NotKnown,NotKnown,NotKnown
P26,Known,Known,Known,NotKnown,Known,Known,Known,Known,Known,NotKnown,NotKnown,NotKnown,Known,NotKnown,Known,NotKnown,NotKnown,Known,Known,NotKnown,NotKnown,Known,Known,Known,NotKnown,Known,NotKnown,NotKnown,Known,Known,NotKnown,NotKnown,NotKnown,Known,NotKnown,Known,NotKnown,Known,Known,NotKnown,Known,NotKnown,NotKnown,NotKnown,Known
P27,Known,Known,Known,NotKnown,NotKnown,NotKnown,Known,NotKnown,Known,NotKnown,Known,NotKnown,NotKnown,NotKnown,Known,NotKnown,NotKnown,Known,Known,NotKnown,Known,Known,Known,Known,NotKnown,Known,Known,NotKnown,NotKnown,Known,NotKnown,NotKnown,NotKnown,Known,NotKnown,NotKnown,NotKnown,Known,NotKnown,NotKnown,Known,Known,NotKnown,NotKnown,Known
P28,Known,Known,Known,Known,Known,Known,Known,NotKnown,Known,Known,Known,Known,Known,NotKnown,Known,Known,Known,Known,Known,Known,NotKnown,Known,Known,Known,NotKnown,Known,NotKnown,Known,Known,NotKnown,NotKnown,NotKnown,NotKnown,Known,NotKnown,NotKnown,Known,Known,Known,Known,Known,NotKnown,NotKnown,NotKnown,NotKnown
P29,Known,Known,Known,NotKnown,NotKnown,NotKnown,NotKnown,Known,Known,Known,Known,NotKnown,Known,Known,NotKnown,NotKnown,Known,NotKnown,NotKnown,Known,Known,NotKnown,NotKnown,Known,Known,NotKnown,NotKnown,NotKnown,Known,Known,NotKnown,NotKnown,Known,Known,NotKnown,Known,Known,Known,Known,Known,Known,Known,NotKnown,Known,Known
P30,Known,Known,Known,Known,NotKnown,NotKnown,Known,NotKnown,NotKnown,Known,Known,Known,Known,Known,Known,NotKnown,Known,Known,Known,NotKnown,Known,NotKnown,Known,Known,NotKnown,NotKnown,Known,NotKnown,Known,Known,NotKnown,NotKnown,Known,Known,NotKnown,NotKnown,NotKnown,Known,Known,Known,Known,Known,NotKnown,Known,NotKnown
P31,Known,NotKnown,Known,NotKnown,Known,NotKnown,Known,NotKnown,NotKnown,NotKnown,Known,NotKnown,NotKnown,Known,Known,Known,Known,Known,NotKnown,NotKnown,Known,Known,Known,Known,Known,NotKnown,Known,Known,NotKnown,NotKnown,Known,Known,NotKnown,Known,Known,Known,Known,Known,Known,Known,Known,NotKnown,Known,NotKnown,NotKnown
P32,Known,Known,Known,NotKnown,NotKnown,Known,Known,NotKnown,Known,Known,Known,NotKnown,Known,Known,NotKnown,NotKnown,NotKnown,NotKnown,Known,Known,NotKnown,NotKnown,Known,Known,NotKnown,NotKnown,NotKnown,NotKnown,NotKnown,Known,NotKnown,NotKnown,NotKnown,Known,NotKnown,Known,Known,Known,Known,Known,Known,Known,Known,Known,Known
P33,Known,Known,Known,NotKnown,NotKnown,Known,NotKnown,Known,Known,Known,Known,Known,Known,Known,Known,Known,NotKnown,NotKnown,Known,Known,NotKnown,Known,Known,NotKnown,NotKnown,NotKnown,NotKnown,NotKnown,NotKnown,Known,Known,NotKnown,NotKnown,Known,NotKnown,NotKnown,Known,Known,Known,Known,Known,Known,NotKnown,Known,NotKnown
P34,Known,Known,Known,Known,Known,Known,NotKnown,NotKnown,Known,Known,Known,Known,Known,NotKnown,Known,NotKnown,NotKnown,Known,NotKnown,NotKnown,Known,Known,Known,Known,Known,Known,NotKnown,Known,NotKnown,Known,NotKnown,NotKnown,NotKnown,Known,NotKnown,Known,NotKnown,Known,Known,Known,Known,NotKnown,NotKnown,NotKnown,Known
P35,Known,Known,Known,Known,Known,NotKnown,Known,NotKnown,Known,Known,Known,Known,Known,NotKnown,Known,NotKnown,Known,NotKnown,Known,Known,Known,Known,Known,Known,NotKnown,NotKnown,Known,NotKnown,Known,NotKnown,Known,NotKnown,NotKnown,Known,Known,NotKnown,Known,Known,Known,Known,Known,Known,Known,NotKnown,NotKnown
P36,Known,Known,Known,Known,NotKnown,NotKnown,Known,Known,NotKnown,Known,Known,Known,NotKnown,Known,Known,NotKnown,Known,NotKnown,NotKnown,NotKnown,NotKnown,NotKnown,Known,Known,Known,NotKnown,NotKnown,NotKnown,NotKnown,NotKnown,Known,Known,Known,Known,Known,NotKnown,NotKnown,Known,Known,Known,Known,Known,Known,Known,Known
P37,Known,Known,Known,Known,NotKnown,Known,NotKnown,NotKnown,Known,Known,Known,Known,Known,Known,Known,Known,NotKnown,Known,NotKnown,Known,Known,Known,Known,NotKnown,NotKnown,Known,NotKnown,Known,Known,Known,Known,Known,Known,Known,NotKnown,NotKnown,NotKnown,Known,Known,Known,Known,NotKnown,NotKnown,NotKnown,Known
P38,Known,Known,Known,Known,Known,NotKnown,Known,NotKnown,NotKnown,Known,Known,Known,NotKnown,Known,Known,Known,NotKnown,Known,NotKnown,NotKnown,NotKnown,NotKnown,Known,Known,Known,NotKnown,NotKnown,NotKnown,NotKnown,Known,NotKnown,Known,NotKnown,Known,NotKnown,NotKnown,NotKnown,Known,NotKnown,NotKnown,NotKnown,NotKnown,Known,Known,NotKnown
P39,Known,Known,Known,Known,NotKnown,Known,Known,NotKnown,NotKnown,NotKnown,Known,NotKnown,Known,Known,Known,Known,Known,Known,Known,NotKnown,NotKnown,NotKnown,Known,NotKnown,Known,Known,NotKnown,NotKnown,NotKnown,Known,Known,NotKnown,NotKnown,Known,Known,Known,NotKnown,Known,Known,NotKnown,Known,Known,NotKnown,Known,Known
P40,Known,Known,Known,NotKnown,NotKnown,Known,NotKnown,NotKnown,Known,Known,Known,Known,NotKnown,NotKnown,Known,NotKnown,Known,NotKnown,Known,Known,NotKnown,Known,Known,NotKnown,NotKnown,Known,NotKnown,NotKnown,NotKnown,NotKnown,Known,NotKnown,NotKnown,NotKnown,NotKnown,NotKnown,Known,Known,Known,Known,NotKnown,NotKnown,Known,Known,Known
P41,Known,Known,Known,Known,Known,Known,Known,NotKnown,Known,Known,Known,Known,Known,NotKnown,Known,NotKnown,Known,NotKnown,NotKnown,NotKnown,Known,Known,Known,Known,NotKnown,Known,Known,NotKnown,NotKnown,Known,NotKnown,Known,NotKnown,NotKnown,NotKnown,NotKnown,NotKnown,Known,NotKnown,Known,Known,Known,NotKnown,NotKnown,NotKnown
P42,Known,Known,Known,Known,NotKnown,NotKnown,NotKnown,NotKnown,Known,NotKnown,Known,NotKnown,NotKnown,Known,Known,NotKnown,NotKnown,Known,NotKnown,NotKnown,Known,Known,Known,NotKnown,NotKnown,NotKnown,NotKnown,NotKnown,NotKnown,Known,Known,Known,Known,Known,Known,Known,NotKnown,Known,Known,Known,Known,NotKnown,Known,NotKnown,NotKnown
P43,Known,Known,Known,Known,NotKnown,NotKnown,Known,Known,NotKnown,NotKnown,Known,NotKnown,Known,NotKnown,NotKnown,Known,Known,Known,Known,NotKnown,Known,NotKnown,Known,Known,NotKnown,NotKnown,NotKnown,NotKnown,NotKnown,NotKnown,Known,Known,Known,Known,Known,NotKnown,Known,Known,Known,NotKnown,NotKnown,Known,Known,Known,Known
P44,Known,Known,Known,NotKnown,NotKnown,Known,NotKnown,NotKnown,NotKnown,Known,Known,Known,Known,NotKnown,Known,Known,Known,NotKnown,NotKnown,Known,Known,Known,Known,Known,Known,Known,Known,NotKnown,Known,Known,NotKnown,Known,Known,Known,NotKnown,Known,Known,Known,Known,Known,Known,NotKnown,NotKnown,Known,Known
P45,Known,Known,Known,NotKnown,NotKnown,Known,NotKnown,Known,Known,Known,Known,Known,Known,Known,Known,Known,NotKnown,Known,NotKnown,NotKnown,NotKnown,Known,Known,Known,NotKnown,NotKnown,Known,NotKnown,Known,NotKnown,NotKnown,Known,Known,Known,Known,NotKnown,NotKnown,Known,Known,Known,Known,Known,NotKnown,NotKnown,Known
P46,Known,Known,Known,NotKnown,NotKnown,NotKnown,NotKnown,NotKnown,Known,Known,Known,Known,Known,Known,Known,Known,NotKnown,Known,NotKnown,Known,Known,Known,Known,NotKnown,Known,Known,NotKnown,Known,Known,NotKnown,Known,NotKnown,NotKnown,Known,Known,Known,Known,Known,Known,Known,Known,Known,NotKnown,NotKnown,Known
P47,Known,NotKnown,Known,NotKnown,Known,Known,Known,NotKnown,NotKnown,NotKnown,Known,Known,Known,NotKnown,Known,Known,NotKnown,Known,NotKnown,NotKnown,Known,Known,Known,Known,Known,NotKnown,Known,NotKnown,NotKnown,Known,Known,NotKnown,NotKnown,Known,Known,NotKnown,Known,Known,Known,Known,Known,NotKnown,NotKnown,Known,NotKnown
P48,Known,Known,Known,NotKnown,NotKnown,Known,Known,Known,NotKnown,NotKnown,Known,NotKnown,NotKnown,Known,Known,Known,Known,NotKnown,NotKnown,Known,NotKnown,NotKnown,NotKnown,Known,NotKnown,Known,Known,NotKnown,NotKnown,Known,NotKnown,NotKnown,Known,Known,Known,Known,NotKnown,Known,Known,NotKnown,NotKnown,Known,NotKnown,NotKnown,NotKnown
P49,Known,Known,Known,NotKnown,NotKnown,Known,NotKnown,Known,Known,Known,Known,Known,Known,Known,Known,Known,NotKnown,NotKnown,NotKnown,Known,NotKnown,Known,Known,Known,Known,NotKnown,Known,NotKnown,NotKnown,NotKnown,NotKnown,NotKnown,NotKnown,Known,NotKnown,NotKnown,Known,Known,Known,Known,Known,Known,Known,Known,Known
P50,Known,Known,Known,NotKnown,NotKnown,Known,Known,Known,NotKnown,Known,Known,Known,NotKnown,NotKnown,Known,NotKnown,Known,Known,NotKnown,Known,NotKnown,Known,Known,NotKnown,NotKnown,Known,NotKnown,NotKnown,Known,Known,Known,Known,Known,Known,Known,Known,Known,Known,Known,NotKnown,Known,Known,NotKnown,Known,Known
P51,NotKnown,NotKnown,Known,Known,Known,Known,Known,NotKnown,NotKnown,NotKnown,Known,NotKnown,NotKnown,NotKnown,NotKnown,Known,NotKnown,Known,Known,NotKnown,Known,NotKnown,Known,Known,NotKnown,NotKnown,NotKnown,NotKnown,Known,Known,Known,NotKnown,Known,Known,Known,NotKnown,Known,Known,Known,NotKnown,Known,NotKnown,NotKnown,NotKnown,Known
P52,Known,Known,Known,Known,NotKnown,Known,Known,Known,Known,Known,Known,Known,Known,Known,Known,NotKnown,NotKnown,NotKnown,NotKnown,Known,NotKnown,NotKnown,Known,NotKnown,NotKnown,NotKnown,Known,NotKnown,Known,NotKnown,NotKnown,NotKnown,NotKnown,Known,Known,Known,NotKnown,Known,Known,Known,Known,Known,NotKnown,NotKnown,NotKnown
P53,Known,Known,Known,Known,NotKnown,NotKnown,NotKnown,Known,Known,Known,Known,Known,Known,Known,Known,NotKnown,Known,Known,NotKnown,NotKnown,NotKnown,NotKnown,Known,NotKnown,Known,Known,NotKnown,NotKnown,NotKnown,Known,Known,Known,NotKnown,Known,NotKnown,Known,Known,Known,NotKnown,Known,Known,NotKnown,Known,Known,Known
P54,Known,Known,Known,Known,Known,NotKnown,Known,Known,NotKnown,NotKnown,Known,NotKnown,NotKnown,NotKnown,Known,NotKnown,Known,NotKnown,Known,Known,Known,Known,Known,Known,Known,Known,NotKnown,NotKnown,Known,Known,NotKnown,Known,Known,Known,NotKnown,NotKnown,Known,Known,Known,NotKnown,Known,Known,NotKnown,Known,NotKnown
P55,Known,Known,Known,Known,NotKnown,NotKnown,NotKnown,Known,Known,NotKnown,Known,NotKnown,NotKnown,Known,Known,Known,NotKnown,Known,NotKnown,NotKnown,Known,NotKnown,Known,NotKnown,NotKnown,NotKnown,Known,NotKnown,Known,NotKnown,NotKnown,NotKnown,Known,Known,Known,Known,Known,Known,NotKnown,NotKnown,NotKnown,Known,Known,NotKnown,NotKnown
P56,Known,Known,Known,NotKnown,Known,NotKnown,NotKnown,Known,Known,NotKnown,Known,NotKnown,Known,NotKnown,Known,Known,Known,NotKnown,NotKnown,Known,NotKnown,NotKnown,Known,Known,NotKnown,NotKnown,Known,NotKnown,Known,Known,Known,Known,Known,Known,Known,NotKnown,NotKnown,Known,NotKnown,NotKnown,NotKnown,Known,Known,NotKnown,Known
P57,NotKnown,Known,Known,Known,NotKnown,Known,NotKnown,Known,NotKnown,NotKnown,NotKnown,NotKnown,NotKnown,Known,Known,Known,Known,Known,Known,Known,Known,Known,Known,Known,Known,Known,NotKnown,NotKnown,Known,NotKnown,NotKnown,NotKnown,NotKnown,Known,NotKnown,NotKnown,Known,Known,Known,Known,Known,Known,NotKnown,NotKnown,Known
P58,NotKnown,NotKnown,NotKnown,Known,NotKnown,Known,NotKnown,Known,NotKnown,NotKnown,Known,NotKnown,NotKnown,Known,Known,Known,NotKnown,NotKnown,NotKnown,Known,Known,Known,Known,Known,Known,Known,NotKnown,NotKnown,Known,Known,Known,NotKnown,NotKnown,Known,Known,Known,Known,NotKnown,Known,NotKnown,NotKnown,Known,Known,Known,Known
P59,Known,Known,Known,NotKnown,NotKnown,Known,NotKnown,Known,Known,Known,Known,Known,Known,Known,Known,NotKnown,Known,Known,Known,NotKnown,NotKnown,NotKnown,Known,Known,NotKnown,NotKnown,Known,NotKnown,Known,Known,NotKnown,NotKnown,NotKnown,NotKnown,Known,Known,NotKnown,Known,Known,Known,Known,NotKnown,Known,Known,NotKnown
P60,Known,Known,Known,NotKnown,Known,Known,NotKnown,NotKnown,NotKnown,Known,Known,Known,NotKnown,Known,Known,Known,Known,Known,Known,NotKnown,NotKnown,Known,Known,NotKnown,NotKnown,NotKnown,NotKnown,Known,Known,NotKnown,NotKnown,Known,Known,Known,NotKnown,Known,Known,Known,Known,Known,Known,Known,Known,NotKnown,Known
P61,Known,Known,Known,Known,NotKnown,Known,NotKnown,NotKnown,Known,Known,Known,Known,Known,NotKnown,Known,Known,NotKnown,Known,Known,NotKnown,Known,Known,Known,Known,Known,Known,Known,NotKnown,Known,Known,Known,Known,NotKnown,Known,Known,NotKnown,Known,Known,Known,Known,Known,NotKnown,Known,NotKnown,Known
P62,Known,Known,Known,Known,NotKnown,Known,NotKnown,Known,Known,Known,Known,Known,Known,Known,Known,Known,Known,Known,NotKnown,Known,Known,Known,Known,NotKnown,Known,NotKnown,Known,NotKnown,Known,NotKnown,Known,NotKnown,NotKnown,Known,Known,Known,NotKnown,Known,Known,NotKnown,Known,NotKnown,NotKnown,Known,NotKnown
P63,Known,Known,Known,Known,Known,NotKnown,NotKnown,NotKnown,Known,Known,Known,Known,Known,Known,Known,Known,NotKnown,Known,NotKnown,NotKnown,Known,NotKnown,Known,Known,Known,Known,NotKnown,NotKnown,Known,Known,NotKnown,NotKnown,Known,Known,Known,NotKnown,NotKnown,Known,Known,Known,Known,Known,Known,Known,NotKnown
P64,Known,Known,Known,NotKnown,Known,Known,Known,Known,Known,Known,Known,Known,Known,NotKnown,Known,Known,NotKnown,Known,Known,NotKnown,Known,NotKnown,Known,Known,Known,NotKnown,Known,NotKnown,Known,Known,NotKnown,NotKnown,NotKnown,Known,NotKnown,NotKnown,Known,Known,Known,Known,Known,NotKnown,NotKnown,Known,NotKnown
P65,NotKnown,Known,Known,NotKnown,NotKnown,Known,Known,Known,NotKnown,NotKnown,Known,NotKnown,NotKnown,NotKnown,Known,Known,Known,Known,NotKnown,NotKnown,NotKnown,Known,Known,Known,NotKnown,NotKnown,NotKnown,NotKnown,NotKnown,NotKnown,NotKnown,Known,NotKnown,Known,Known,NotKnown,NotKnown,NotKnown,Known,Known,Known,NotKnown,Known,Known,NotKnown
P66,Known,Known,Known,Known,NotKnown,NotKnown,NotKnown,NotKnown,NotKnown,NotKnown,Known,NotKnown,NotKnown,NotKnown,NotKnown,Known,NotKnown,Known,Known,NotKnown,NotKnown,Known,Known,NotKnown,NotKnown,Known,Known,NotKnown,NotKnown,Known,NotKnown,Known,Known,Known,Known,NotKnown,Known,Known,NotKnown,Known,Known,NotKnown,Known,NotKnown,NotKnown
P67,Known,Known,Known,NotKnown,NotKnown,Known,NotKnown,Known,Known,Known,Known,Known,Known,NotKnown,Known,NotKnown,NotKnown,NotKnown,NotKnown,NotKnown,Known,NotKnown,Known,NotKnown,NotKnown,NotKnown,NotKnown,NotKnown,Known,NotKnown,Known,NotKnown,NotKnown,Known,Known,Known,NotKnown,Known,Known,Known,Known,NotKnown,Known,Known,Known
P68,Known,Known,Known,NotKnown,Known,Known,NotKnown,Known,NotKnown,Known,Known,NotKnown,NotKnown,NotKnown,Known,NotKnown,NotKnown,Known,NotKnown,NotKnown,NotKnown,NotKnown,Known,Known,Known,Known,Known,NotKnown,NotKnown,Known,Known,Known,NotKnown,Known,NotKnown,Known,Known,Known,NotKnown,Known,Known,Known,NotKnown,NotKnown,NotKnown
P69,Known,Known,Known,Known,Known,NotKnown,Known,Known,NotKnown,NotKnown,Known,NotKnown,NotKnown,Known,Known,Known,Known,Known,Known,Known,Known,NotKnown,Known,NotKnown,Known,NotKnown,NotKnown,NotKnown,NotKnown,Known,NotKnown,Known,NotKnown,Known,Known,NotKnown,NotKnown,Known,Known,NotKnown,NotKnown,Known,Known,NotKnown,NotKnown
P70,Known,Known,Known,NotKnown,Known,NotKnown,NotKnown,Known,Known,Known,Known,Known,Known,Known,Known,NotKnown,Known,NotKnown,NotKnown,Known,Known,Known,Known,NotKnown,Known,Known,NotKnown,NotKnown,NotKnown,Known,Known,Known,NotKnown,Known,NotKnown,Known,Known,Known,Known,Known,Known,Known,NotKnown,NotKnown,Known
P71,Known,NotKnown,Known,Known,Known,NotKnown,NotKnown,NotKnown,NotKnown,NotKnown,Known,NotKnown,NotKnown,Known,Known,NotKnown,Known,Known,Known,Known,Known,Known,Known,NotKnown,NotKnown,Known,Known,NotKnown,Known,Known,NotKnown,Known,NotKnown,Known,NotKnown,NotKnown,Known,NotKnown,NotKnown,Known,Known,NotKnown,NotKnown,Known,NotKnown
P72,Known,Known,Known,Known,Known,Known,NotKnown,NotKnown,Known,NotKnown,Known,NotKnown,Known,Known,Known,Known,NotKnown,Known,NotKnown,NotKnown,NotKnown,Known,Known,NotKnown,Known,NotKnown,NotKnown,NotKnown,NotKnown,Known,Known,Known,Known,Known,NotKnown,NotKnown,Known,Known,Known,NotKnown,Known,Known,Known,NotKnown,Known
P73,Known,Known,Known,Known,NotKnown,Known,Known,Known,NotKnown,NotKnown,Known,NotKnown,NotKnown,Known,NotKnown,NotKnown,NotKnown,Known,Known,Known,NotKnown,Known,Known,Known,NotKnown,Known,Known,NotKnown,Known,Known,NotKnown,Known,Known,Known,NotKnown,NotKnown,NotKnown,Known,Known,NotKnown,Known,Known,NotKnown,NotKnown,NotKnown
P74,Known,Known,Known,Known,NotKnown,NotKnown,NotKnown,Known,Known,Known,Known,Known,Known,NotKnown,Known,NotKnown,Known,Known,Known,Known,Known,Known,Known,Known,NotKnown,NotKnown,NotKnown,Known,NotKnown,NotKnown,Known,Known,Known,Known,Known,Known,Known,Known,Known,Known,Known,Known,Known,Known,NotKnown
P75,Known,Known,Known,NotKnown,Known,Known,Known,Known,Known,Known,Known,Known,Known,NotKnown,Known,NotKnown,Known,NotKnown,Known,NotKnown,Known,Known,Known,NotKnown,Known,Known,NotKnown,NotKnown,NotKnown,NotKnown,NotKnown,Known,NotKnown,Known,Known,NotKnown,NotKnown,Known,Known,NotKnown,Known,Known,Known,NotKnown,NotKnown
P76,Known,Known,Known,NotKnown,Known,Known,NotKnown,Known,Known,Known,Known,Known,Known,Known,Known,NotKnown,NotKnown,Known,Known,NotKnown,NotKnown,Known,Known,NotKnown,Known,Known,NotKnown,NotKnown,Known,NotKnown,NotKnown,NotKnown,Known,Known,NotKnown,NotKnown,NotKnown,Known,Known,Known,Known,Known,Known,Known,Known
P77,Known,Known,Known,Known,NotKnown,Known,Known,Known,Known,Known,Known,Known,Known,NotKnown,Known,NotKnown,Known,Known,Known,NotKnown,NotKnown,NotKnown,Known,Known,NotKnown,Known,Known,NotKnown,NotKnown,Known,NotKnown,NotKnown,NotKnown,Known,Known,NotKnown,NotKnown,Known,Known,Known,Known,NotKnown,Known,NotKnown,Known
P78,Known,Known,Known,Known,Known,Known,Known,NotKnown,Known,Known,Known,Known,Known,Known,Known,NotKnown,Known,Known,NotKnown,NotKnown,Known,NotKnown,Known,NotKnown,NotKnown,NotKnown,NotKnown,NotKnown,Known,NotKnown,Known,NotKnown,Known,Known,Known,NotKnown,Known,Known,Known,Known,Known,Known,NotKnown,NotKnown,NotKnown
P79,Known,Known,Known,Known,Known,Known,NotKnown,Known,Known,Known,Known,Known,Known,Known,Known,NotKnown,NotKnown,NotKnown,NotKnown,Known,Known,NotKnown,Known,Known,Known,Known,Known,NotKnown,Known,Known,Known,Known,Known,Known,Known,Known,Known,Known,Known,Known,Known,Known,NotKnown,Known,NotKnown
P80,Known,Known,Known,NotKnown,Known,NotKnown,NotKnown,NotKnown,Known,Known,Known,Known,Known,Known,Known,NotKnown,Known,Known,NotKnown,NotKnown,Known,NotKnown,Known,Known,NotKnown,NotKnown,NotKnown,NotKnown,NotKnown,NotKnown,Known,NotKnown,NotKnown,Known,Known,NotKnown,Known,Known,Known,Known,Known,NotKnown,Known,NotKnown,Known
P81,Known,Known,Known,NotKnown,NotKnown,Known,NotKnown,Known,Known,Known,Known,NotKnown,Known,NotKnown,Known,Known,NotKnown,Known,Known,Known,NotKnown,Known,Known,NotKnown,NotKnown,NotKnown,Known,NotKnown,Known,Known,NotKnown,Known,NotKnown,Known,NotKnown,NotKnown,NotKnown,Known,Known,Known,Known,Known,NotKnown,NotKnown,Known
P82,Known,Known,Known,Known,NotKnown,Known,Known,NotKnown,Known,NotKnown,Known,NotKnown,Known,Known,Known,NotKnown,Known,Known,Known,NotKnown,NotKnown,NotKnown,Known,Known,Known,NotKnown,Known,NotKnown,NotKnown,NotKnown,NotKnown,Known,NotKnown,Known,Known,Known,Known,Known,Known,Known,Known,Known,NotKnown,NotKnown,NotKnown
P83,Known,Known,Known,Known,NotKnown,NotKnown,Known,Known,Known,Known,Known,Known,Known,NotKnown,Known,NotKnown,NotKnown,NotKnown,Known,NotKnown,NotKnown,Known,Known,Known,NotKnown,NotKnown,NotKnown,NotKnown,Known,NotKnown,NotKnown,NotKnown,Known,Known,NotKnown,Known,Known,Known,Known,Known,Known,Known,NotKnown,Known,Known
P84,Known,Known,Known,Known,NotKnown,Known,NotKnown,Known,NotKnown,Known,Known,Known,NotKnown,NotKnown,Known,Known,Known,NotKnown,NotKnown,NotKnown,NotKnown,Known,Known,NotKnown,NotKnown,Known,Known,Known,NotKnown,Known,Known,Known,NotKnown,Known,Known,Known,NotKnown,Known,Known,Known,Known,Known,Known,NotKnown,NotKnown
P85,Known,Known,Known,Known,NotKnown,NotKnown,Known,NotKnown,NotKnown,NotKnown,Known,NotKnown,NotKnown,NotKnown,Known,NotKnown,Known,NotKnown,Known,Known,NotKnown,Known,Known,NotKnown,NotKnown,NotKnown,Known,NotKnown,NotKnown,Known,Known,Known,Known,Known,NotKnown,NotKnown,Known,Known,NotKnown,Known,Known,Known,Known,NotKnown,NotKnown
P86,Known,Known,Known,NotKnown,Known,NotKnown,Known,NotKnown,NotKnown,Known,Known,Known,NotKnown,Known,Known,Known,NotKnown,Known,NotKnown,NotKnown,NotKnown,NotKnown,Known,NotKnown,Known,NotKnown,Known,NotKnown,NotKnown,NotKnown,NotKnown,Known,NotKnown,Known,NotKnown,Known,Known,Known,Known,Known,Known,Known,NotKnown,Known,Known
P87,Known,Known,Known,Known,NotKnown,NotKnown,Known,Known,Known,Known,Known,Known,Known,NotKnown,Known,Known,Known,NotKnown,NotKnown,NotKnown,NotKnown,Known,Known,NotKnown,NotKnown,Known,NotKnown,Known,Known,NotKnown,NotKnown,NotKnown,NotKnown,Known,Known,NotKnown,Known,Known,Known,Known,Known,NotKnown,NotKnown,NotKnown,NotKnown
